Quinta,Ficheiro,Sub-regiao,Concelho,Website,Logo_URL,Email_tile_URL
Quinta do Vallado,quinta-do-vallado.png,Baixo Corgo,Peso da Régua,quintadovallado.com,https://cdn.jsdelivr.net/gh/antoniomachadoo/quintas-douro-logos@main/logos/quinta-do-vallado.png,https://cdn.jsdelivr.net/gh/antoniomachadoo/quintas-douro-logos@main/email/quinta-do-vallado.png
Quinta da Pacheca,quinta-da-pacheca.png,Baixo Corgo,Lamego,quintadapacheca.com,https://cdn.jsdelivr.net/gh/antoniomachadoo/quintas-douro-logos@main/logos/quinta-da-pacheca.png,https://cdn.jsdelivr.net/gh/antoniomachadoo/quintas-douro-logos@main/email/quinta-da-pacheca.png
Quinta da Gaivosa (Alves de Sousa),quinta-da-gaivosa-alves-de-sousa.png,Baixo Corgo,Santa Marta de Penaguião,alvesdesousa.com,https://cdn.jsdelivr.net/gh/antoniomachadoo/quintas-douro-logos@main/logos/quinta-da-gaivosa-alves-de-sousa.png,https://cdn.jsdelivr.net/gh/antoniomachadoo/quintas-douro-logos@main/email/quinta-da-gaivosa-alves-de-sousa.png
Quinta Seara d'Ordens,quinta-seara-d-ordens.png,Baixo Corgo,Peso da Régua,searadordens.com,https://cdn.jsdelivr.net/gh/antoniomachadoo/quintas-douro-logos@main/logos/quinta-seara-d-ordens.png,https://cdn.jsdelivr.net/gh/antoniomachadoo/quintas-douro-logos@main/email/quinta-seara-d-ordens.png
Quinta da Casa Amarela,quinta-da-casa-amarela.png,Baixo Corgo,Lamego,quinta-casa-amarela.com,https://cdn.jsdelivr.net/gh/antoniomachadoo/quintas-douro-logos@main/logos/quinta-da-casa-amarela.png,https://cdn.jsdelivr.net/gh/antoniomachadoo/quintas-douro-logos@main/email/quinta-da-casa-amarela.png
Quinta de Tourais,quinta-de-tourais.png,Baixo Corgo,Lamego,quintadetourais.com,https://cdn.jsdelivr.net/gh/antoniomachadoo/quintas-douro-logos@main/logos/quinta-de-tourais.png,https://cdn.jsdelivr.net/gh/antoniomachadoo/quintas-douro-logos@main/email/quinta-de-tourais.png
Casa dos Varais,casa-dos-varais.png,Baixo Corgo,Lamego,casadosvarais.wine,https://cdn.jsdelivr.net/gh/antoniomachadoo/quintas-douro-logos@main/logos/casa-dos-varais.png,https://cdn.jsdelivr.net/gh/antoniomachadoo/quintas-douro-logos@main/email/casa-dos-varais.png
Quinta Vale Locaia,quinta-vale-locaia.png,Baixo Corgo,Lamego,quintavalelocaia.com,https://cdn.jsdelivr.net/gh/antoniomachadoo/quintas-douro-logos@main/logos/quinta-vale-locaia.png,https://cdn.jsdelivr.net/gh/antoniomachadoo/quintas-douro-logos@main/email/quinta-vale-locaia.png
Quinta de Casaldronho,quinta-de-casaldronho.png,Baixo Corgo,Lamego,quintadecasaldronho.com,https://cdn.jsdelivr.net/gh/antoniomachadoo/quintas-douro-logos@main/logos/quinta-de-casaldronho.png,https://cdn.jsdelivr.net/gh/antoniomachadoo/quintas-douro-logos@main/email/quinta-de-casaldronho.png
Quinta Santa Eufémia,quinta-santa-eufemia.png,Baixo Corgo,Lamego,qtastaeufemia.com,https://cdn.jsdelivr.net/gh/antoniomachadoo/quintas-douro-logos@main/logos/quinta-santa-eufemia.png,https://cdn.jsdelivr.net/gh/antoniomachadoo/quintas-douro-logos@main/email/quinta-santa-eufemia.png
Caves da Raposeira,caves-da-raposeira.png,Távora-Varosa,Lamego,cavesdaraposeira.com,https://cdn.jsdelivr.net/gh/antoniomachadoo/quintas-douro-logos@main/logos/caves-da-raposeira.png,https://cdn.jsdelivr.net/gh/antoniomachadoo/quintas-douro-logos@main/email/caves-da-raposeira.png
Caves da Murganheira,caves-da-murganheira.png,Távora-Varosa,Tarouca,murganheira.com,https://cdn.jsdelivr.net/gh/antoniomachadoo/quintas-douro-logos@main/logos/caves-da-murganheira.png,https://cdn.jsdelivr.net/gh/antoniomachadoo/quintas-douro-logos@main/email/caves-da-murganheira.png
Quinta do Tedo,quinta-do-tedo.png,Baixo Corgo,Armamar,quintadotedo.com,https://cdn.jsdelivr.net/gh/antoniomachadoo/quintas-douro-logos@main/logos/quinta-do-tedo.png,https://cdn.jsdelivr.net/gh/antoniomachadoo/quintas-douro-logos@main/email/quinta-do-tedo.png
Quinta do Crasto,quinta-do-crasto.png,Cima Corgo,Sabrosa,quintadocrasto.pt,https://cdn.jsdelivr.net/gh/antoniomachadoo/quintas-douro-logos@main/logos/quinta-do-crasto.png,https://cdn.jsdelivr.net/gh/antoniomachadoo/quintas-douro-logos@main/email/quinta-do-crasto.png
Quinta do Bomfim (Symington),quinta-do-bomfim-symington.png,Cima Corgo,Alijó / Pinhão,symington.com,https://cdn.jsdelivr.net/gh/antoniomachadoo/quintas-douro-logos@main/logos/quinta-do-bomfim-symington.png,https://cdn.jsdelivr.net/gh/antoniomachadoo/quintas-douro-logos@main/email/quinta-do-bomfim-symington.png
Quinta da Roêda (Croft),quinta-da-roeda-croft.png,Cima Corgo,Alijó / Pinhão,croftport.com,https://cdn.jsdelivr.net/gh/antoniomachadoo/quintas-douro-logos@main/logos/quinta-da-roeda-croft.png,https://cdn.jsdelivr.net/gh/antoniomachadoo/quintas-douro-logos@main/email/quinta-da-roeda-croft.png
Quinta das Carvalhas (Real Comp. Velha),quinta-das-carvalhas-real-comp-velha.png,Cima Corgo,Peso da Régua,realcompanhiavelha.pt,https://cdn.jsdelivr.net/gh/antoniomachadoo/quintas-douro-logos@main/logos/quinta-das-carvalhas-real-comp-velha.png,https://cdn.jsdelivr.net/gh/antoniomachadoo/quintas-douro-logos@main/email/quinta-das-carvalhas-real-comp-velha.png
Quinta de la Rosa,quinta-de-la-rosa.png,Cima Corgo,Pinhão,quintadelarosa.com,https://cdn.jsdelivr.net/gh/antoniomachadoo/quintas-douro-logos@main/logos/quinta-de-la-rosa.png,https://cdn.jsdelivr.net/gh/antoniomachadoo/quintas-douro-logos@main/email/quinta-de-la-rosa.png
Quinta do Noval,quinta-do-noval.png,Cima Corgo,Alijó / Vale de Mendiz,quintadonoval.com,https://cdn.jsdelivr.net/gh/antoniomachadoo/quintas-douro-logos@main/logos/quinta-do-noval.png,https://cdn.jsdelivr.net/gh/antoniomachadoo/quintas-douro-logos@main/email/quinta-do-noval.png
Quinta do Seixo (Sandeman),quinta-do-seixo-sandeman.png,Cima Corgo,Tabuaço,winetourism.sogrape.com,https://cdn.jsdelivr.net/gh/antoniomachadoo/quintas-douro-logos@main/logos/quinta-do-seixo-sandeman.png,https://cdn.jsdelivr.net/gh/antoniomachadoo/quintas-douro-logos@main/email/quinta-do-seixo-sandeman.png
Quinta do Portal,quinta-do-portal.png,Cima Corgo,Sabrosa,quintadoportal.com,https://cdn.jsdelivr.net/gh/antoniomachadoo/quintas-douro-logos@main/logos/quinta-do-portal.png,https://cdn.jsdelivr.net/gh/antoniomachadoo/quintas-douro-logos@main/email/quinta-do-portal.png
Quinta Nova N. Sra. do Carmo,quinta-nova-n-sra-do-carmo.png,Cima Corgo,Sabrosa / Covas do Douro,quintanova.com,https://cdn.jsdelivr.net/gh/antoniomachadoo/quintas-douro-logos@main/logos/quinta-nova-n-sra-do-carmo.png,https://cdn.jsdelivr.net/gh/antoniomachadoo/quintas-douro-logos@main/email/quinta-nova-n-sra-do-carmo.png
Quinta de Ventozelo,quinta-de-ventozelo.png,Cima Corgo,S. João da Pesqueira,quintadeventozelo.pt,https://cdn.jsdelivr.net/gh/antoniomachadoo/quintas-douro-logos@main/logos/quinta-de-ventozelo.png,https://cdn.jsdelivr.net/gh/antoniomachadoo/quintas-douro-logos@main/email/quinta-de-ventozelo.png
Quinta do Pôpa,quinta-do-popa.png,Cima Corgo,Tabuaço,quintadopopa.com,https://cdn.jsdelivr.net/gh/antoniomachadoo/quintas-douro-logos@main/logos/quinta-do-popa.png,https://cdn.jsdelivr.net/gh/antoniomachadoo/quintas-douro-logos@main/email/quinta-do-popa.png
Quinta do Panascal (Fonseca),quinta-do-panascal-fonseca.png,Cima Corgo,Tabuaço,fonseca.pt,https://cdn.jsdelivr.net/gh/antoniomachadoo/quintas-douro-logos@main/logos/quinta-do-panascal-fonseca.png,https://cdn.jsdelivr.net/gh/antoniomachadoo/quintas-douro-logos@main/email/quinta-do-panascal-fonseca.png
Quinta de São Luiz (Kopke),quinta-de-sao-luiz-kopke.png,Cima Corgo,Tabuaço,kopke1638.com,https://cdn.jsdelivr.net/gh/antoniomachadoo/quintas-douro-logos@main/logos/quinta-de-sao-luiz-kopke.png,https://cdn.jsdelivr.net/gh/antoniomachadoo/quintas-douro-logos@main/email/quinta-de-sao-luiz-kopke.png
Quinta da Manoella (Wine & Soul),quinta-da-manoella-wine-soul.png,Cima Corgo,Alijó / Vale de Mendiz,wineandsoul.com,https://cdn.jsdelivr.net/gh/antoniomachadoo/quintas-douro-logos@main/logos/quinta-da-manoella-wine-soul.png,https://cdn.jsdelivr.net/gh/antoniomachadoo/quintas-douro-logos@main/email/quinta-da-manoella-wine-soul.png
Quinta de S. José,quinta-de-s-jose.png,Cima Corgo,S. João da Pesqueira,quintasjose.com,https://cdn.jsdelivr.net/gh/antoniomachadoo/quintas-douro-logos@main/logos/quinta-de-s-jose.png,https://cdn.jsdelivr.net/gh/antoniomachadoo/quintas-douro-logos@main/email/quinta-de-s-jose.png
Quinta do Pessegueiro,quinta-do-pessegueiro.png,Cima Corgo,S. João da Pesqueira,quintadopessegueiro.com,https://cdn.jsdelivr.net/gh/antoniomachadoo/quintas-douro-logos@main/logos/quinta-do-pessegueiro.png,https://cdn.jsdelivr.net/gh/antoniomachadoo/quintas-douro-logos@main/email/quinta-do-pessegueiro.png
Quinta da Côrte,quinta-da-corte.png,Cima Corgo,Tabuaço,quintadacorte.com,https://cdn.jsdelivr.net/gh/antoniomachadoo/quintas-douro-logos@main/logos/quinta-da-corte.png,https://cdn.jsdelivr.net/gh/antoniomachadoo/quintas-douro-logos@main/email/quinta-da-corte.png
Quinta do Pêgo,quinta-do-pego.png,Cima Corgo,Tabuaço,quintadopego.com,https://cdn.jsdelivr.net/gh/antoniomachadoo/quintas-douro-logos@main/logos/quinta-do-pego.png,https://cdn.jsdelivr.net/gh/antoniomachadoo/quintas-douro-logos@main/email/quinta-do-pego.png
Quinta da Marka,quinta-da-marka.png,Cima Corgo,Sabrosa / Covas do Douro,durhamagrellos.com,https://cdn.jsdelivr.net/gh/antoniomachadoo/quintas-douro-logos@main/logos/quinta-da-marka.png,https://cdn.jsdelivr.net/gh/antoniomachadoo/quintas-douro-logos@main/email/quinta-da-marka.png
Lavradores de Feitoria,lavradores-de-feitoria.png,Cima Corgo,Sabrosa,lavradoresdefeitoria.pt,https://cdn.jsdelivr.net/gh/antoniomachadoo/quintas-douro-logos@main/logos/lavradores-de-feitoria.png,https://cdn.jsdelivr.net/gh/antoniomachadoo/quintas-douro-logos@main/email/lavradores-de-feitoria.png
Quinta da Avessada (Enoteca),quinta-da-avessada-enoteca.png,Cima Corgo,Alijó / Favaios,enotecadouro.com,https://cdn.jsdelivr.net/gh/antoniomachadoo/quintas-douro-logos@main/logos/quinta-da-avessada-enoteca.png,https://cdn.jsdelivr.net/gh/antoniomachadoo/quintas-douro-logos@main/email/quinta-da-avessada-enoteca.png
Adega Cooperativa de Favaios,adega-cooperativa-de-favaios.png,Cima Corgo,Alijó / Favaios,adegadefavaios.pt,https://cdn.jsdelivr.net/gh/antoniomachadoo/quintas-douro-logos@main/logos/adega-cooperativa-de-favaios.png,https://cdn.jsdelivr.net/gh/antoniomachadoo/quintas-douro-logos@main/email/adega-cooperativa-de-favaios.png
Quinta da Faísca,quinta-da-faisca.png,Cima Corgo,Favaios (Vila Real),quintadafaisca.com,https://cdn.jsdelivr.net/gh/antoniomachadoo/quintas-douro-logos@main/logos/quinta-da-faisca.png,https://cdn.jsdelivr.net/gh/antoniomachadoo/quintas-douro-logos@main/email/quinta-da-faisca.png
Quanta Terra,quanta-terra.png,Cima Corgo,Alijó / Favaios,quantaterradouro.com,https://cdn.jsdelivr.net/gh/antoniomachadoo/quintas-douro-logos@main/logos/quanta-terra.png,https://cdn.jsdelivr.net/gh/antoniomachadoo/quintas-douro-logos@main/email/quanta-terra.png
Quinta do Vale Meão,quinta-do-vale-meao.png,Douro Superior,V. N. de Foz Côa,quintadovalemeao.pt,https://cdn.jsdelivr.net/gh/antoniomachadoo/quintas-douro-logos@main/logos/quinta-do-vale-meao.png,https://cdn.jsdelivr.net/gh/antoniomachadoo/quintas-douro-logos@main/email/quinta-do-vale-meao.png
Quinta de Ervamoira (Ramos Pinto),quinta-de-ervamoira-ramos-pinto.png,Douro Superior,V. N. de Foz Côa,ramospinto.pt,https://cdn.jsdelivr.net/gh/antoniomachadoo/quintas-douro-logos@main/logos/quinta-de-ervamoira-ramos-pinto.png,https://cdn.jsdelivr.net/gh/antoniomachadoo/quintas-douro-logos@main/email/quinta-de-ervamoira-ramos-pinto.png
Maritávora,maritavora.png,Douro Superior,Freixo de Espada à Cinta,maritavora.com,https://cdn.jsdelivr.net/gh/antoniomachadoo/quintas-douro-logos@main/logos/maritavora.png,https://cdn.jsdelivr.net/gh/antoniomachadoo/quintas-douro-logos@main/email/maritavora.png
